<?xml version="1.0" encoding="UTF-8"?>
<!--
Licensed to the Apache Software Foundation (ASF) under one or more
contributor license agreements. See the NOTICE file distributed with
this work for additional information regarding copyright ownership.
The ASF licenses this file to you under the Apache License, Version
2.0 (the "License"); you may not use this file except in compliance
with the License. You may obtain a copy of the License at
http://www.apache.org/licenses/LICENSE-2.0 Unless required by
applicable law or agreed to in writing, software distributed under the
License is distributed on an "AS IS" BASIS, WITHOUT WARRANTIES OR
CONDITIONS OF ANY KIND, either express or implied. See the License for
the specific language governing permissions and limitations under the
License.
-->
<section xmlns:xsi="http://www.w3.org/2001/XMLSchema-instance"
    version="5.0" xmlns:xl="http://www.w3.org/1999/xlink" xmlns:xi="http://www.w3.org/2001/XInclude"
    xsi:schemaLocation="http://docbook.org/ns/docbook ../../../content/dtd/docbook.xsd"
    xmlns="http://docbook.org/ns/docbook">
    <title>The Agreement Content help screen</title>
     <para>This screen use for uploading any contents that concern the agreement. The screen consists of :</para>
    <itemizedlist>
        <listitem><para>- Add Agreement Content</para></listitem>
        <listitem><para>- Agreement Content List</para></listitem>
    </itemizedlist>
    <section>
        <title>Add Agreement Content</title>
        <para>
            To upload the content. The content can be classified by choosing the Content Type Id and Mime Type Id.
        </para>
    </section>
    <section>
        <title>Agreement Content List</title>
        <para>
            To Show the list of contents. There are 2 buttons in each content:
            <orderedlist>
                <listitem><para>Download : To download the uploaded content</para></listitem>
                <listitem><para>Delete : To delete the uploaded content</para></listitem>
            </orderedlist>
        </para>
    </section>
</section>
