<?xml version="1.0" encoding="UTF-8"?>
<!--
Licensed to the Apache Software Foundation (ASF) under one
or more contributor license agreements.  See the NOTICE file
distributed with this work for additional information
regarding copyright ownership.  The ASF licenses this file
to you under the Apache License, Version 2.0 (the
"License"); you may not use this file except in compliance
with the License.  You may obtain a copy of the License at
   
http://www.apache.org/licenses/LICENSE-2.0
   
Unless required by applicable law or agreed to in writing,
software distributed under the License is distributed on an
"AS IS" BASIS, WITHOUT WARRANTIES OR CONDITIONS OF ANY
KIND, either express or implied.  See the License for the
specific language governing permissions and limitations
under the License.
-->
<section xmlns:xsi="http://www.w3.org/2001/XMLSchema-instance" version="5.0" 
    xmlns:xl="http://www.w3.org/1999/xlink" 
    xmlns:xi="http://www.w3.org/2001/XInclude"
    xsi:schemaLocation="http://docbook.org/ns/docbook ../../../content/dtd/docbook.xsd"
    xmlns="http://docbook.org/ns/docbook">
       <title>The Edit Tax Authority Party Info screen.</title>
        <para>This screen is used to create or update details for a Tax Authority Party entry.</para>
        <para>If a new entry is being created all fields are available to be entered. If an existing entry is being updated only limited fields are available to be amended.</para>
        <section>
        <title></title>
        <para></para>
        </section>
</section>
