<?xml version="1.0" encoding="UTF-8"?>
<!--
Licensed to the Apache Software Foundation (ASF) under one or more
contributor license agreements. See the NOTICE file distributed with
this work for additional information regarding copyright ownership.
The ASF licenses this file to you under the Apache License, Version
2.0 (the "License"); you may not use this file except in compliance
with the License. You may obtain a copy of the License at
http://www.apache.org/licenses/LICENSE-2.0 Unless required by
applicable law or agreed to in writing, software distributed under the
License is distributed on an "AS IS" BASIS, WITHOUT WARRANTIES OR
CONDITIONS OF ANY KIND, either express or implied. See the License for
the specific language governing permissions and limitations under the
License.
-->
<section xmlns:xsi="http://www.w3.org/2001/XMLSchema-instance"
    version="5.0" xmlns:xl="http://www.w3.org/1999/xlink" xmlns:xi="http://www.w3.org/2001/XInclude"
    xsi:schemaLocation="http://docbook.org/ns/docbook ../../../content/dtd/docbook.xsd"
    xmlns="http://docbook.org/ns/docbook">
    <title>The Find Global GL Account help screen</title>
    <para> The default screen is for the Global GL Settings tab is 'List Accounts'. If the demo data has been loaded then the default screen displays a list of the general ledger accounts that form the Global Chart of Accounts template. All general ledger accounts must exist in the global template before it can be assinged to be used at the organisation level (eg Company)</para>
    <para>It is used to view or edit the details of the general ledger accounts in the global template and there are options to print or export the account details.</para>
    <section>
    <title>How do I view details for an account?</title>
    <orderedlist>
    <listitem><para>Locate the account required</para></listitem>
    <listitem><para>Click on account id</para></listitem>
    <listitem><para>The account details will be displayed</para></listitem>
    </orderedlist>
    </section>
</section>
