<?xml version="1.0" encoding="UTF-8"?>
<!--
Licensed to the Apache Software Foundation (ASF) under one or more
contributor license agreements. See the NOTICE file distributed with
this work for additional information regarding copyright ownership.
The ASF licenses this file to you under the Apache License, Version
2.0 (the "License"); you may not use this file except in compliance
with the License. You may obtain a copy of the License at
http://www.apache.org/licenses/LICENSE-2.0 Unless required by
applicable law or agreed to in writing, software distributed under the
License is distributed on an "AS IS" BASIS, WITHOUT WARRANTIES OR
CONDITIONS OF ANY KIND, either express or implied. See the License for
the specific language governing permissions and limitations under the
License.
-->
<section xmlns:xsi="http://www.w3.org/2001/XMLSchema-instance"
    version="5.0" xmlns:xl="http://www.w3.org/1999/xlink" xmlns:xi="http://www.w3.org/2001/XInclude"
    xsi:schemaLocation="http://docbook.org/ns/docbook ../../../content/dtd/docbook.xsd"
    xmlns="http://docbook.org/ns/docbook">
    <title>The Agreements Item Terms help screen</title>
    <para>This screen is used to enter or maintain terms that are specific to an agreement item. The terms available are the same as those found under the 'Agreement Terms' tab and any related terms will be displayed both here and under the 'Agreement Items' tab .</para>
    <section>
    <title>How do I create a term for an agreement item?</title>
    <orderedlist>
    <listitem><para>Press the 'Create Term' button</para></listitem>
    <listitem><para>The 'Edit Agreement Item Term' screen is displayed</para></listitem>
    <listitem><para>Enter the term details required</para></listitem>
    <listitem><para>Press the 'Submit' button</para></listitem>
    </orderedlist>
   </section>
   <section>
   <title>How do I update a term for an agreement item?</title>
   <orderedlist>
   <listitem><para>Select the term for the agreement item by clicking on the term id</para></listitem>
   <listitem><para>The 'Edit Agreement Item Term' screen is displayed</para></listitem>
   <listitem><para>Update the details required</para></listitem>
   <listitem><para>Press the 'Submit' button</para></listitem>
   </orderedlist>
   </section>
   <section>
   <title>How do I delete a term for an agreement item?</title>
   <orderedlist>
   <listitem><para>Press the 'Remove' button on the term entry that needs to be deleted.</para></listitem>
   </orderedlist>
   </section>
</section>
