<?xml version="1.0" encoding="UTF-8"?>
<!--
Licensed to the Apache Software Foundation (ASF) under one
or more contributor license agreements.  See the NOTICE file
distributed with this work for additional information
regarding copyright ownership.  The ASF licenses this file
to you under the Apache License, Version 2.0 (the
"License"); you may not use this file except in compliance
with the License.  You may obtain a copy of the License at
   
http://www.apache.org/licenses/LICENSE-2.0
   
Unless required by applicable law or agreed to in writing,
software distributed under the License is distributed on an
"AS IS" BASIS, WITHOUT WARRANTIES OR CONDITIONS OF ANY
KIND, either express or implied.  See the License for the
specific language governing permissions and limitations
under the License.
-->
<section xmlns:xsi="http://www.w3.org/2001/XMLSchema-instance" version="5.0"
    xmlns:xl="http://www.w3.org/1999/xlink" xmlns:xi="http://www.w3.org/2001/XInclude"
    xsi:schemaLocation="http://docbook.org/ns/docbook ../../../content/dtd/docbook.xsd"
    xmlns="http://docbook.org/ns/docbook">
    <title>The Financial Account New Deposit Slip screen.</title>
    <para>This screen allows the user to create an Payment Group and the transactions associated
        with the Payment Group will generate a deposit slip.</para>
    <section>
        <title>How do I create a New Deposit Slip?</title>
        <para>
            <orderedlist>
                <listitem>
                    <para>Press the 'Find' button to list all the available transactions</para>
                </listitem>
                <listitem>
                    <para>Select the transactions to include in the Payment Group by using the
                        'Select All' or the check box that corresponds to the transactions
                        required</para>
                </listitem>
                <listitem>
                    <para>Enter a 'Payment Group Name' if required (If none is entered then by
                        default this will be 'Payment Group Name')</para>
                </listitem>
                <listitem>
                    <para>Press the 'Create Batch' button</para>
                </listitem>
                <listitem>
                    <para>A button to print the deposit slip will be displayed as well as the edit
                        screen to make any further changes to the Payment Batch</para>
                </listitem>
            </orderedlist>
        </para>
    </section>
</section>
