<?xml version="1.0" encoding="UTF-8"?>
<!--
Licensed to the Apache Software Foundation (ASF) under one or more
contributor license agreements. See the NOTICE file distributed with
this work for additional information regarding copyright ownership.
The ASF licenses this file to you under the Apache License, Version
2.0 (the "License"); you may not use this file except in compliance
with the License. You may obtain a copy of the License at
http://www.apache.org/licenses/LICENSE-2.0 Unless required by
applicable law or agreed to in writing, software distributed under the
License is distributed on an "AS IS" BASIS, WITHOUT WARRANTIES OR
CONDITIONS OF ANY KIND, either express or implied. See the License for
the specific language governing permissions and limitations under the
License.
-->
<section xmlns:xsi="http://www.w3.org/2001/XMLSchema-instance"
    version="5.0" xmlns:xl="http://www.w3.org/1999/xlink" xmlns:xi="http://www.w3.org/2001/XInclude"
    xsi:schemaLocation="http://docbook.org/ns/docbook ../../../content/dtd/docbook.xsd"
    xmlns="http://docbook.org/ns/docbook">
    <title>The Find Agreements help screen</title>
    <para> The default screen is for the Agreements tab is 'Find Agreements'. It is used to locate existing agreements that have been created. The user has the option to</para>
    <itemizedlist><listitem><para>use the 'Find' button to locate an existing agreement or </para></listitem>
    <listitem><para>create a new one by clicking on the 'Create Agreement' button.</para></listitem>
    </itemizedlist>
    <section>
    <title>How do I locate an existing agreement?</title>
    <orderedlist>
    <listitem><para>Enter search option details if known</para></listitem>
    <listitem><para>Press the 'Find' button</para></listitem>
    <listitem><para>A list of existing agreements will be displayed</para></listitem>
    </orderedlist>
    </section>
    <section>
    <title>How do I create a new agreement?</title>
    <orderedlist>
    <listitem><para>Press the 'Create Agreement' button</para></listitem>
    <listitem><para>The 'Edit Agreement' screen is displayed</para></listitem>
    <listitem><para>Enter the details required and press the 'Submit' button</para></listitem>
    </orderedlist>
    </section>
    <section>
    <title>How do I cancel an agreement?</title>
    <orderedlist>
    <listitem><para>Locate the agreement required</para></listitem>
    <listitem><para>Press the 'Cancel' button on the agreement entry that needs to be cancelled</para></listitem>
    </orderedlist>
    </section>
</section>
